din_instante,val_cargaenergiahomwmed
2019-01-01,742053.58999988
2019-01-02,912790.77099989
2019-01-03,984945.98799992
2019-01-04,990939.66399994
2019-01-05,897085.51799988
2019-01-06,833942.96999987
2019-01-07,1003124.33699989
2019-01-08,1049099.7709999
2019-01-09,1058673.69699988
2019-01-10,1061839.49699985
2019-01-11,1051962.15699992
2019-01-12,966632.19099992
2019-01-13,879273.25499991
2019-01-14,1048248.13099986
2019-01-15,1078361.44799989
2019-01-16,1094530.30099988
2019-01-17,1084943.34299985
2019-01-18,1086076.7469999
2019-01-19,990552.9739999
2019-01-20,911455.12699985
2019-01-21,1081060.75099987
2019-01-22,1120374.98399986
2019-01-23,1120809.71399989
2019-01-24,1106862.52999992
2019-01-25,1048372.45299987
2019-01-26,924033.89899992
2019-01-27,852660.9989999
2019-01-28,1042199.13499992
2019-01-29,1095840.5609999099
2019-01-30,1111900.04499992
2019-01-31,1116995.54299994
2019-02-01,1118982.68799989
2019-02-02,1029603.67099992
2019-02-03,935564.3399999
2019-02-04,1029921.51999991
2019-02-05,993358.23599989
2019-02-06,964722.5319999
2019-02-07,953609.61699989
2019-02-08,987082.78499993
2019-02-09,919940.5329998899
2019-02-10,866309.61999995
2019-02-11,1049340.63799994
2019-02-12,1069313.09599988
2019-02-13,998982.4069999
2019-02-14,966959.74299989
2019-02-15,965274.39099992
2019-02-16,883270.06399992
2019-02-17,800997.5199999
2019-02-18,956693.21599988
2019-02-19,986815.7229999
2019-02-20,997015.06199992
2019-02-21,986367.62699989
2019-02-22,1005572.7709998899
2019-02-23,946367.78599986
2019-02-24,890359.1639999
2019-02-25,1043941.16799995
2019-02-26,1004754.73999991
2019-02-27,999630.55799992
2019-02-28,982362.50099988
2019-03-01,961602.91199988
2019-03-02,866673.84199989
2019-03-03,785627.4519999
2019-03-04,838064.66399979
2019-03-05,851537.21299989
2019-03-06,952815.81499986
2019-03-07,1009985.34599992
2019-03-08,1026775.4669999001
2019-03-09,964896.12799982
2019-03-10,872380.26299983
2019-03-11,973785.2889998601
2019-03-12,999723.96599991
2019-03-13,1019580.68299991
2019-03-14,1026972.92099992
2019-03-15,1018336.1629999
2019-03-16,919048.55399988
2019-03-17,831308.22699986
2019-03-18,1001601.34299987
2019-03-19,1036731.70199989
2019-03-20,1009940.10499992
2019-03-21,939597.78399989
2019-03-22,909570.79299983
2019-03-23,847817.36699992
2019-03-24,795769.9359999
2019-03-25,958116.5859999
2019-03-26,991287.75099993
2019-03-27,985789.46099992
2019-03-28,963831.26499993
2019-03-29,935971.8659999
2019-03-30,853720.89799987
2019-03-31,787294.10099989
2019-04-01,936708.68599994
2019-04-02,959708.81399989
2019-04-03,977041.17299995
2019-04-04,994421.3699999
2019-04-05,1019816.73199989
2019-04-06,925850.25699992
2019-04-07,832082.00799991
2019-04-08,958992.73499992
2019-04-09,936698.67199987
2019-04-10,920072.79599986
2019-04-11,918858.03499986
2019-04-12,935607.8659999099
2019-04-13,872673.45899991
2019-04-14,790108.84399995
2019-04-15,930415.9339999
2019-04-16,949418.3479999
2019-04-17,942607.48499988
2019-04-18,921081.27699992
2019-04-19,768482.9419999
2019-04-20,790108.5119999599
2019-04-21,754395.2199999
2019-04-22,921213.69799982
2019-04-23,935508.40099988
2019-04-24,951140.38999992
2019-04-25,961374.36799986
2019-04-26,961372.25199988
2019-04-27,884876.12499992
2019-04-28,797613.99199991
2019-04-29,913804.78799988
2019-04-30,917328.11599988
2019-05-01,798206.51299991
2019-05-02,908566.38499987
2019-05-03,929149.52299996
2019-05-04,846638.65599996
2019-05-05,780885.33899992
2019-05-06,932180.3439999099
2019-05-07,941067.75899987
2019-05-08,906506.0619999
2019-05-09,893643.04499993
2019-05-10,907164.3719998801
2019-05-11,848799.74699995
2019-05-12,769457.52199995
2019-05-13,915966.06199991
2019-05-14,927187.44499992
2019-05-15,885248.50899993
2019-05-16,866339.06099997
2019-05-17,848872.4829999399
2019-05-18,772142.6999998899
2019-05-19,699938.2199999
2019-05-20,833259.52699991
2019-05-21,867811.76899994
2019-05-22,878185.4739999
2019-05-23,882867.12999993
2019-05-24,878248.7459999
2019-05-25,785994.1029999
2019-05-26,705420.07499987
2019-05-27,841139.48699991
2019-05-28,880043.02099994
2019-05-29,891459.11299992
2019-05-30,904787.15099987
2019-05-31,908007.16099991
2019-06-01,831617.78199987
2019-06-02,739166.24799997
2019-06-03,862240.57799995
2019-06-04,859347.39899992
2019-06-05,830823.08699986
2019-06-06,830325.61899993
2019-06-07,835879.35499994
2019-06-08,771807.54699992
2019-06-09,689280.74099987
2019-06-10,823387.54799993
2019-06-11,857024.96699996
2019-06-12,864318.77999995
2019-06-13,873466.86299991
2019-06-14,881879.82999996
2019-06-15,814690.64399992
2019-06-16,725361.86699992
2019-06-17,845909.09899991
2019-06-18,862634.38499994
2019-06-19,869511.8559999301
2019-06-20,779989.78899993
2019-06-21,814842.42799993
2019-06-22,763186.2689999
2019-06-23,696380.23399991
2019-06-24,831903.5829999
2019-06-25,873310.88599992
2019-06-26,890088.8769999
2019-06-27,894242.6569999
2019-06-28,888641.5829999
2019-06-29,814293.58299991
2019-06-30,727829.23999995
2019-07-01,857769.88499993
2019-07-02,882960.76899991
2019-07-03,889372.67599988
2019-07-04,881254.0769998999
2019-07-05,867434.0359999
2019-07-06,756922.41199986
2019-07-07,653636.37899993
2019-07-08,746559.04499989
2019-07-09,755363.37599994
2019-07-10,804507.89199993
2019-07-11,816500.93399991
2019-07-12,822158.6049999
2019-07-13,758119.1469999
2019-07-14,692360.6439999
2019-07-15,819725.36399995
2019-07-16,836012.0149999
2019-07-17,823545.97799996
2019-07-18,824982.62899991
2019-07-19,828548.31099993
2019-07-20,758840.7789999
2019-07-21,682915.71999986
2019-07-22,813206.75699987
2019-07-23,844558.6139999
2019-07-24,850936.5399999
2019-07-25,851283.6469999
2019-07-26,848055.94199988
2019-07-27,776066.6599999
2019-07-28,698030.46599989
2019-07-29,825376.25599994
2019-07-30,853413.02199986
2019-07-31,855379.9079998999
2019-08-01,860014.4859999
2019-08-02,870236.94099996
2019-08-03,767586.33099992
2019-08-04,676370.73199993
2019-08-05,794538.86299986
2019-08-06,824780.33799991
2019-08-07,834781.90399988
2019-08-08,854186.51799996
2019-08-09,868191.36499988
2019-08-10,805546.15299987
2019-08-11,726125.48499993
2019-08-12,869201.82499987
2019-08-13,881871.90999988
2019-08-14,845750.82699993
2019-08-15,827002.2019999
2019-08-16,832793.01299986
2019-08-17,768883.8629999401
2019-08-18,711118.0059999
2019-08-19,844680.7089999199
2019-08-20,858263.2809998901
2019-08-21,857085.05799991
2019-08-22,854840.1429999201
2019-08-23,851223.7299998701
2019-08-24,772326.23399988
2019-08-25,695806.00499994
2019-08-26,822013.4009998901
2019-08-27,850061.00199984
2019-08-28,850505.63999988
2019-08-29,859159.98299991
2019-08-30,873525.83799992
2019-08-31,821933.38699993
2019-09-01,738459.90599987
2019-09-02,870973.40999989
2019-09-03,898713.59199991
2019-09-04,893662.2219998899
2019-09-05,877206.20399991
2019-09-06,861110.23199992
2019-09-07,757716.72699988
2019-09-08,739755.9219999401
2019-09-09,907531.09299993
2019-09-10,954876.66299991
2019-09-11,976517.6399999
2019-09-12,994910.70299986
2019-09-13,955221.35399987
2019-09-14,861764.3719999
2019-09-15,789376.63399989
2019-09-16,956516.27599989
2019-09-17,996180.14699989
2019-09-18,1004521.81899992
2019-09-19,989284.10399989
2019-09-20,987180.82499994
2019-09-21,877087.13999988
2019-09-22,766585.21599991
2019-09-23,866015.04899993
2019-09-24,885813.29299995
2019-09-25,889689.07499995
2019-09-26,885095.07999991
2019-09-27,874666.74399989
2019-09-28,795038.66599987
2019-09-29,716722.16199993
2019-09-30,855608.43499992
2019-10-01,917444.84899991
2019-10-02,940455.61199986
2019-10-03,946512.23799985
2019-10-04,937560.6599999
2019-10-05,871722.77399995
2019-10-06,774146.11299991
2019-10-07,893978.11399988
2019-10-08,900800.70699989
2019-10-09,894984.62899988
2019-10-10,902284.8809998999
2019-10-11,917969.34599992
2019-10-12,808963.09199988
2019-10-13,798166.9039999
2019-10-14,959678.83299989
2019-10-15,961169.40499989
2019-10-16,963359.12299989
2019-10-17,982415.8569999
2019-10-18,988559.86099987
2019-10-19,892759.57299992
2019-10-20,769232.87499994
2019-10-21,877406.17299989
2019-10-22,897193.15699988
2019-10-23,904577.91199991
2019-10-24,920504.29099992
2019-10-25,949177.5239999599
2019-10-26,873206.91799992
2019-10-27,801718.35799992
2019-10-28,956404.96999991
2019-10-29,998381.82299989
2019-10-30,1011048.30299988
2019-10-31,999396.35099993
2019-11-01,972262.08899995
2019-11-02,834252.20699989
2019-11-03,809223.99399991
2019-11-04,1000151.46399988
2019-11-05,1025285.9089999
2019-11-06,976116.94099989
2019-11-07,949392.2459999301
2019-11-08,946598.83899988
2019-11-09,873281.14699993
2019-11-10,798404.80599993
2019-11-11,933887.28899992
2019-11-12,932275.85999992
2019-11-13,939981.30699994
2019-11-14,931367.4589999
2019-11-15,806398.47699992
2019-11-16,781752.31199995
2019-11-17,731920.7649999
2019-11-18,866148.25899991
2019-11-19,901086.13299989
2019-11-20,863054.0349999
2019-11-21,916489.04699993
2019-11-22,937449.30299992
2019-11-23,868315.47299989
2019-11-24,737323.32499992
2019-11-25,861222.94299988
2019-11-26,917312.22499991
2019-11-27,942636.22799989
2019-11-28,918370.76599987
2019-11-29,891283.26199987
2019-11-30,841142.96399985
2019-12-01,780034.72499995
2019-12-02,888752.66999993
2019-12-03,888268.41699988
2019-12-04,920566.0579998901
2019-12-05,952079.10999995
2019-12-06,920393.12399994
2019-12-07,837090.47899993
2019-12-08,757707.31699992
2019-12-09,914787.32099986
2019-12-10,928203.09999992
2019-12-11,925331.81699993
2019-12-12,933434.49399991
2019-12-13,950732.74899988
2019-12-14,869574.36499988
2019-12-15,812197.3059998701
2019-12-16,983395.5789999301
2019-12-17,1000451.77999995
2019-12-18,969841.00899993
2019-12-19,941823.1119999
2019-12-20,933320.42999987
2019-12-21,878297.19399989
2019-12-22,823896.7979999
2019-12-23,870774.97899994
2019-12-24,805698.72899992
2019-12-25,718336.27799992
2019-12-26,875213.31499989
2019-12-27,912189.38699991
2019-12-28,880473.67699992
2019-12-29,827558.8579999
2019-12-30,893432.29799989
2019-12-31,850271.01499988
2020-01-01,796682.99149986
2020-01-02,920595.39999989
2020-01-03,905395.26699987
2020-01-04,845164.41699993
2020-01-05,789638.87899995
2020-01-06,928456.26099994
2020-01-07,991427.3699999
2020-01-08,1001347.8449999699
2020-01-09,1006039.82899991
2020-01-10,1024861.18799989
2020-01-11,960173.43699987
2020-01-12,876115.08699992
2020-01-13,990552.37599988
2020-01-14,999296.74299994
2020-01-15,1032610.74499993
2020-01-16,1082530.13799994
2020-01-17,1017204.39699991
2020-01-18,889684.33799991
2020-01-19,815326.2859998599
2020-01-20,948256.55499989
2020-01-21,976683.14299993
2020-01-22,972290.40899992
2020-01-23,950367.19199989
2020-01-24,932706.84899993
2020-01-25,856185.36899993
2020-01-26,796887.99399994
2020-01-27,974100.71099988
2020-01-28,1024585.10299989
2020-01-29,1039646.20499993
2020-01-30,1053071.19199989
2020-01-31,1047826.53999989
2020-02-01,960493.43799989
2020-02-02,863647.76799991
2020-02-03,998042.69399989
2020-02-04,1005933.96399984
2020-02-05,1007499.24899988
2020-02-06,991057.12999992
2020-02-07,985349.04099989
2020-02-08,914181.94699991
2020-02-09,844752.57299994
2020-02-10,975499.5829998701
2020-02-11,952264.41499994
2020-02-12,940170.27699994
2020-02-13,948105.64299993
2020-02-14,976743.18399991
2020-02-15,931580.83199992
2020-02-16,868223.70899988
2020-02-17,1029515.50899989
2020-02-18,1068862.88899997
2020-02-19,1070595.88199991
2020-02-20,1070158.05599996
2020-02-21,1030301.9899999
2020-02-22,884254.31199992
2020-02-23,767226.37699991
2020-02-24,840548.80199987
2020-02-25,866336.43599993
2020-02-26,964000.30799987
2020-02-27,956998.22699985
2020-02-28,927941.3629999
2020-02-29,855509.3389999201
2020-03-01,768549.64799995
2020-03-02,895107.97999989
2020-03-03,921444.6759999
2020-03-04,938362.88999988
2020-03-05,951074.31399993
2020-03-06,945097.2299999
2020-03-07,868246.51399997
2020-03-08,794614.28899995
2020-03-09,958207.1259999
2020-03-10,999837.94199994
2020-03-11,1003473.68799987
2020-03-12,1014246.17099995
2020-03-13,1029924.92699994
2020-03-14,953203.21599992
2020-03-15,873431.5569999099
2020-03-16,1022857.03899993
2020-03-17,1034214.98499992
2020-03-18,1031469.40599987
2020-03-19,1022613.64899993
2020-03-20,990728.48699993
2020-03-21,866412.5549999
2020-03-22,772244.91899991
2020-03-23,864762.35099992
2020-03-24,854625.90799989
2020-03-25,847922.20599993
2020-03-26,848474.9839999101
2020-03-27,849931.10799993
2020-03-28,819067.00599994
2020-03-29,770444.97899994
2020-03-30,856297.81899989
2020-03-31,871521.26199991
2020-04-01,864008.60899986
2020-04-02,878467.90399994
2020-04-03,875303.98899988
2020-04-04,786947.47999992
2020-04-05,737943.99499996
2020-04-06,847632.91799996
2020-04-07,846031.18299989
2020-04-08,812440.65299986
2020-04-09,784983.22999992
2020-04-10,692899.9009999
2020-04-11,707464.63799995
2020-04-12,675009.65499991
2020-04-13,780890.69999996
2020-04-14,794155.25099991
2020-04-15,807199.52799988
2020-04-16,784026.57299991
2020-04-17,776610.77399993
2020-04-18,717185.0589999
2020-04-19,666457.11299989
2020-04-20,739560.58099989
2020-04-21,727560.03999989
2020-04-22,787815.8429999
2020-04-23,791386.7829998999
2020-04-24,800443.0329998999
2020-04-25,743824.91699996
2020-04-26,690800.99599995
2020-04-27,786055.6409998899
2020-04-28,801223.39799993
2020-04-29,810811.88099987
2020-04-30,810349.6439998699
2020-05-01,733700.86299992
2020-05-02,725486.74899993
2020-05-03,671317.92899995
2020-05-04,769396.83299991
2020-05-05,802276.53199996
2020-05-06,815726.5409998801
2020-05-07,781429.88499989
2020-05-08,761245.43799988
2020-05-09,710497.6339999
2020-05-10,647185.35099988
2020-05-11,762873.21399988
2020-05-12,792182.49899993
2020-05-13,808093.02599992
2020-05-14,812016.65499989
2020-05-15,792366.3859999
2020-05-16,720525.41299992
2020-05-17,657527.3169999
2020-05-18,762205.9889999
2020-05-19,786456.81899988
2020-05-20,797621.50799992
2020-05-21,802310.00899991
2020-05-22,809182.7849999
2020-05-23,771615.72299988
2020-05-24,691612.84599986
2020-05-25,727196.69699989
2020-05-26,747053.66399984
2020-05-27,744918.53999987
2020-05-28,752216.24099992
2020-05-29,755735.36899987
2020-05-30,708190.16299993
2020-05-31,650727.0099999399
2020-06-01,756250.9749999
2020-06-02,786285.28799992
2020-06-03,800220.64099993
2020-06-04,816121.02799993
2020-06-05,812293.48699992
2020-06-06,753947.65499992
2020-06-07,687602.1469999
2020-06-08,800770.58599989
2020-06-09,825304.15299995
2020-06-10,834487.70699989
2020-06-11,784710.63699996
2020-06-12,805965.8239999299
2020-06-13,758470.6859999
2020-06-14,687130.4989999
2020-06-15,775976.93999987
2020-06-16,791783.7539999
2020-06-17,793579.96899998
2020-06-18,790300.66499989
2020-06-19,799099.23499991
2020-06-20,758495.78199992
2020-06-21,697910.65699989
2020-06-22,810580.45899989
2020-06-23,817248.53499993
2020-06-24,819157.17099986
2020-06-25,831069.98599991
2020-06-26,835396.01999992
2020-06-27,776615.28999987
2020-06-28,695408.47299993
2020-06-29,792389.78199984
2020-06-30,809090.50399991
2020-07-01,815796.48399991
2020-07-02,807852.3629999
2020-07-03,798689.41399991
2020-07-04,742062.66799992
2020-07-05,684838.72399989
2020-07-06,807034.52099991
2020-07-07,833563.4629999
2020-07-08,837464.71399994
2020-07-09,835508.7639999
2020-07-10,815856.32499991
2020-07-11,765674.1539999
2020-07-12,709822.8099998999
2020-07-13,832778.05599989
2020-07-14,850981.1919999
2020-07-15,836841.33399988
2020-07-16,825966.28699989
2020-07-17,831415.39399993
2020-07-18,776360.20699989
2020-07-19,699574.23299988
2020-07-20,811693.39099992
2020-07-21,842421.20599992
2020-07-22,848061.40899991
2020-07-23,850362.10099993
2020-07-24,850627.93599989
2020-07-25,793109.06799991
2020-07-26,708926.87699993
2020-07-27,829462.6719999
2020-07-28,864647.70799995
2020-07-29,861623.75099988
2020-07-30,839416.90099991
2020-07-31,829242.11199992
2020-08-01,770132.39499987
2020-08-02,695197.71999989
2020-08-03,808533.23599985
2020-08-04,834212.96299993
2020-08-05,840584.7449999
2020-08-06,843609.70799992
2020-08-07,850820.4649999
2020-08-08,792075.3539999101
2020-08-09,710429.95499994
2020-08-10,837841.03399992
2020-08-11,876114.33999993
2020-08-12,888822.59599991
2020-08-13,897728.43799994
2020-08-14,907480.03199988
2020-08-15,840029.07699991
2020-08-16,755709.40499986
2020-08-17,873859.47999993
2020-08-18,908205.9419999
2020-08-19,919298.4149999
2020-08-20,899451.1709999
2020-08-21,850641.7629999
2020-08-22,773007.59999989
2020-08-23,691983.77199993
2020-08-24,814690.2639999
2020-08-25,838651.75299991
2020-08-26,848058.9859999
2020-08-27,864740.06999994
2020-08-28,880802.5579999
2020-08-29,829133.23399994
2020-08-30,769157.6179999
2020-08-31,893009.69399993
2020-09-01,907937.58699991
2020-09-02,913165.22399989
2020-09-03,918142.39699988
2020-09-04,933156.25099989
2020-09-05,862780.64999992
2020-09-06,779474.80199985
2020-09-07,814747.10299993
2020-09-08,930125.29399993
2020-09-09,954772.1999999001
2020-09-10,978246.16099992
2020-09-11,980418.18499994
2020-09-12,918227.6069999
2020-09-13,833477.19099994
2020-09-14,959916.0109999101
2020-09-15,950023.6809998599
2020-09-16,959299.44599992
2020-09-17,977820.0349999
2020-09-18,975725.8889998801
2020-09-19,913849.3069999
2020-09-20,806325.8899999401
2020-09-21,899862.89799992
2020-09-22,894574.25599991
2020-09-23,883855.01899992
2020-09-24,898791.38199996
2020-09-25,929000.7229999
2020-09-26,890620.69099988
2020-09-27,839393.81799989
2020-09-28,993483.7589998799
2020-09-29,1012395.54299989
2020-09-30,1037940.74299991
2020-10-01,1059313.76099989
2020-10-02,1079415.2969999
2020-10-03,988207.23999986
2020-10-04,861297.4549999
2020-10-05,1003622.56899991
2020-10-06,1059974.49599989
2020-10-07,1078084.86399989
2020-10-08,1051163.31599989
2020-10-09,1014301.97899986
2020-10-10,902818.34899992
2020-10-11,774059.68099985
2020-10-12,796945.53599985
2020-10-13,959881.6249999
2020-10-14,1008500.75099991
2020-10-15,965063.81899993
2020-10-16,930663.7489998799
2020-10-17,851342.02299994
2020-10-18,775538.50999996
2020-10-19,900672.67299989
2020-10-20,943389.7069999
2020-10-21,952497.89799989
2020-10-22,946397.16999991
2020-10-23,937185.6309998999
2020-10-24,871559.51999989
2020-10-25,776834.5649999
2020-10-26,893488.00399996
2020-10-27,938775.90999988
2020-10-28,975820.41399991
2020-10-29,984079.52599991
2020-10-30,932459.82699996
2020-10-31,807948.23199989
2020-11-01,707632.40299988
2020-11-02,723930.64099991
2020-11-03,851540.25299989
2020-11-04,878388.7589999
2020-11-05,894695.48999989
2020-11-06,911025.67499993
2020-11-07,862451.89399996
2020-11-08,800332.7989999
2020-11-09,948205.72499989
2020-11-10,951976.9599999
2020-11-11,968967.0999999
2020-11-12,966881.51799985
2020-11-13,962224.6149999
2020-11-14,891735.63199992
2020-11-15,813917.00099988
2020-11-16,969345.00399993
2020-11-17,977726.86199992
2020-11-18,939765.07799994
2020-11-19,913377.62399992
2020-11-20,863326.52099987
2020-11-21,827353.76299985
2020-11-22,773778.3399999
2020-11-23,917599.76299989
2020-11-24,957369.70599991
2020-11-25,980227.4099999199
2020-11-26,1000917.98599987
2020-11-27,1016331.41299987
2020-11-28,954014.40099986
2020-11-29,876770.63699986
2020-11-30,1027507.91399989
2020-12-01,1037504.97199996
2020-12-02,1029434.82599988
2020-12-03,1038692.78999995
2020-12-04,1045643.84399991
2020-12-05,954225.94799989
2020-12-06,820847.11699986
2020-12-07,937257.37199988
2020-12-08,959454.40299985
2020-12-09,969110.30899982
2020-12-10,952712.86699996
2020-12-11,956998.86499989
2020-12-12,904692.11599992
2020-12-13,833377.15999993
2020-12-14,983310.06199991
2020-12-15,1021976.36699993
2020-12-16,1034856.1179999
2020-12-17,1031772.84599992
2020-12-18,1035800.22999999
2020-12-19,969652.56399991
2020-12-20,902662.15199988
2020-12-21,1025115.45899991
2020-12-22,991744.0989999
2020-12-23,935037.6919999
2020-12-24,842556.7239999
2020-12-25,725786.32599992
2020-12-26,789892.05699989
2020-12-27,785102.74399989
2020-12-28,891502.85199991
2020-12-29,926800.28999986
2020-12-30,938046.1439999
2020-12-31,882080.68599988
2021-01-01,778079.03899992
2021-01-02,812376.49799987
2021-01-03,784189.43599989
2021-01-04,916627.17199991
2021-01-05,982955.59299993
2021-01-06,1025030.81899993
2021-01-07,1024975.43099994
2021-01-08,1024438.3969999
2021-01-09,962921.3049999
2021-01-10,884883.52099993
2021-01-11,1022979.1009999
2021-01-12,1044337.82799993
2021-01-13,1039242.83799991
2021-01-14,1018546.40599991
2021-01-15,1001052.42299993
2021-01-16,930372.53499986
2021-01-17,864880.6479999
2021-01-18,1014544.1169999801
2021-01-19,1032849.72599992
2021-01-20,1031227.99499992
2021-01-21,1045166.64799994
2021-01-22,1042271.8579999
2021-01-23,966616.01399989
2021-01-24,890358.77399991
2021-01-25,1015052.04099988
2021-01-26,1055141.03499989
2021-01-27,1077005.87599988
2021-01-28,1085843.91099994
2021-01-29,1090755.60999989
2021-01-30,1018457.13099996
2021-01-31,941754.10099992
2021-02-01,1075885.79899996
2021-02-02,1091444.50299986
2021-02-03,1095639.24599992
2021-02-04,1115780.67999994
2021-02-05,1068284.83199991
2021-02-06,923184.6129999
2021-02-07,817447.96999993
2021-02-08,937289.8719999
2021-02-09,964111.74499989
2021-02-10,981227.6429999
2021-02-11,991883.3549999
2021-02-12,978313.12699997
2021-02-13,903775.73899993
2021-02-14,831666.84599993
2021-02-15,940632.6659999
2021-02-16,965313.80499989
2021-02-17,1000485.0029999
2021-02-18,1011120.48699995
2021-02-19,1021746.70899993
2021-02-20,952598.10499989
2021-02-21,873176.22499989
2021-02-22,1012548.25399996
2021-02-23,1037165.31799991
2021-02-24,1046304.7479999
2021-02-25,1024358.4819998699
2021-02-26,1004593.81499992
2021-02-27,913391.5209999
2021-02-28,832265.89099995
2021-03-01,972748.4349999
2021-03-02,1019890.46699994
2021-03-03,1042136.60799993
2021-03-04,1051696.98999995
2021-03-05,1038510.06099989
2021-03-06,951153.0789999
2021-03-07,853997.78399992
2021-03-08,973916.99199988
2021-03-09,995836.47299989
2021-03-10,1000737.94099988
2021-03-11,1022574.71099991
2021-03-12,1040362.03899993
2021-03-13,962543.88999991
2021-03-14,889243.46599988
2021-03-15,1022554.88299989
2021-03-16,1046789.8799999399
2021-03-17,1048876.0589999
2021-03-18,1041142.70299992
2021-03-19,1031339.80199994
2021-03-20,961750.85399995
2021-03-21,897992.61899991
2021-03-22,1043250.25899991
2021-03-23,1065604.30999995
2021-03-24,1074642.31699993
2021-03-25,1074467.12799993
2021-03-26,1070002.74199994
2021-03-27,1003512.33799989
2021-03-28,928878.99699992
2021-03-29,1052907.0139999301
2021-03-30,1045056.39399993
2021-03-31,1008407.35999994
2021-04-01,964994.09699991
2021-04-02,870758.20799987
2021-04-03,876889.92899994
2021-04-04,834753.13099996
2021-04-05,968062.07899993
2021-04-06,981285.44299992
2021-04-07,970609.47999993
2021-04-08,965085.99799992
2021-04-09,974742.07399992
2021-04-10,912844.47499988
2021-04-11,839172.03299995
2021-04-12,984490.50599989
2021-04-13,987801.2829998999
2021-04-14,969679.54499994
2021-04-15,972846.6909999
2021-04-16,977571.9959999099
2021-04-17,906577.4109999
2021-04-18,831081.66399992
2021-04-19,941387.6509999
2021-04-20,939502.61399991
2021-04-21,886168.23899991
2021-04-22,927412.21099991
2021-04-23,928296.85799993
2021-04-24,882421.04999988
2021-04-25,816929.6209999099
2021-04-26,951876.27599988
2021-04-27,967028.87199991
2021-04-28,964546.29299991
2021-04-29,950294.26099994
2021-04-30,936583.23099989
2021-05-01,827924.85599991
2021-05-02,788367.99499989
2021-05-03,919674.89699994
2021-05-04,953204.14099994
2021-05-05,967834.5189999
2021-05-06,976738.67499984
2021-05-07,955734.8129999
2021-05-08,876483.25799989
2021-05-09,783889.60999993
2021-05-10,922037.93899994
2021-05-11,944817.2249999
2021-05-12,956688.85399993
2021-05-13,943367.42199992
2021-05-14,943868.00399996
2021-05-15,885059.90099992
2021-05-16,808010.59499989
2021-05-17,932053.7329999399
2021-05-18,948689.18299992
2021-05-19,947940.0469999
2021-05-20,951731.89599991
2021-05-21,968389.6269999
2021-05-22,905723.08499995
2021-05-23,832216.55399995
2021-05-24,924711.92999993
2021-05-25,929418.3809999101
2021-05-26,944590.89499994
2021-05-27,963252.35699994
2021-05-28,975579.78599992
2021-05-29,930434.97599989
2021-05-30,841162.03599993
2021-05-31,938363.09999995
2021-06-01,939644.18499993
2021-06-02,946908.84599986
2021-06-03,900950.93699989
2021-06-04,923135.32999993
2021-06-05,871972.81299995
2021-06-06,813487.96099989
2021-06-07,935892.74099994
2021-06-08,957401.1109999
2021-06-09,964793.62899988
2021-06-10,968656.63499995
2021-06-11,972639.05699988
2021-06-12,880875.71499993
2021-06-13,785882.54599995
2021-06-14,900945.6489999
2021-06-15,919618.23299992
2021-06-16,921408.7769999
2021-06-17,919812.01299991
2021-06-18,917777.61499991
2021-06-19,862044.25599995
2021-06-20,791755.38999993
2021-06-21,904064.0669999
2021-06-22,930891.5269999
2021-06-23,932851.8139999
2021-06-24,925582.37399991
2021-06-25,933204.73599986
2021-06-26,873781.49699994
2021-06-27,799254.54399994
2021-06-28,899449.95199991
2021-06-29,898032.51399994
2021-06-30,876534.0369999299
2021-07-01,874096.80699999
2021-07-02,888790.38299994
2021-07-03,830548.22599993
2021-07-04,767154.3349998901
2021-07-05,876970.18199991
2021-07-06,898971.7649999299
2021-07-07,904884.95199992
2021-07-08,905575.43799992
2021-07-09,872169.66099994
2021-07-10,834945.69399995
2021-07-11,771739.57799993
2021-07-12,889222.27999992
2021-07-13,919053.96399988
2021-07-14,927492.17899996
2021-07-15,935605.18099989
2021-07-16,939851.53299992
2021-07-17,877193.57499991
2021-07-18,792045.6419999
2021-07-19,877198.2629999
2021-07-20,882276.32599992
2021-07-21,890048.59799992
2021-07-22,905788.10399988
2021-07-23,909415.41299998
2021-07-24,848978.71599989
2021-07-25,776159.23699994
2021-07-26,898725.65299994
2021-07-27,932663.16699994
2021-07-28,924611.84799993
2021-07-29,888282.03799991
2021-07-30,879993.48599993
2021-07-31,827456.45799992
2021-08-01,765126.91199989
2021-08-02,871078.8779999099
2021-08-03,901383.91799994
2021-08-04,906965.88599992
2021-08-05,911202.75899992
2021-08-06,914726.90199992
2021-08-07,856774.5869998899
2021-08-08,774989.94799991
2021-08-09,900758.05399991
2021-08-10,936292.75799992
2021-08-11,935641.66399994
2021-08-12,930961.71199993
2021-08-13,930228.76599992
2021-08-14,865900.3839998799
2021-08-15,795523.90999996
2021-08-16,921597.1749999099
2021-08-17,950937.57499993
2021-08-18,971044.97099997
2021-08-19,969681.82499991
2021-08-20,974707.5639999
2021-08-21,904833.67999992
2021-08-22,829485.40799994
2021-08-23,972487.18299988
2021-08-24,1010873.28399987
2021-08-25,1023471.8819999
2021-08-26,1028070.1869999199
2021-08-27,987432.57099991
2021-08-28,909023.68099996
2021-08-29,825589.50599995
2021-08-30,934831.05299991
2021-08-31,947598.03299991
2021-09-01,945837.84399993
2021-09-02,956546.9609999
2021-09-03,977466.97099995
2021-09-04,905487.18899993
2021-09-05,821893.40199994
2021-09-06,911825.38999994
2021-09-07,911097.61199989
2021-09-08,1022327.97299993
2021-09-09,1027676.70199989
2021-09-10,1003879.35099992
2021-09-11,925110.80399992
2021-09-12,858206.64699994
2021-09-13,1026096.23699995
2021-09-14,1060367.38799997
2021-09-15,1047603.42499993
2021-09-16,1010308.01199992
2021-09-17,990189.2599999399
2021-09-18,927173.27899996
2021-09-19,870851.32299996
2021-09-20,1034818.85799993
2021-09-21,1064484.82299996
2021-09-22,987530.9319999
2021-09-23,965482.58899993
2021-09-24,972679.4859999
2021-09-25,907761.4789998999
2021-09-26,839605.63099992
2021-09-27,974326.18699991
2021-09-28,1024518.24899994
2021-09-29,1045209.07299993
2021-09-30,1028638.3309999399
2021-10-01,982850.08409266
2021-10-02,906041.2318076501
2021-10-03,835628.99169024
2021-10-04,968532.00462537
2021-10-05,970189.43421435
2021-10-06,980515.4913065
2021-10-07,975372.25765673
2021-10-08,948822.35843524
2021-10-09,874402.95122565
2021-10-10,786312.99678839
2021-10-11,852224.22231677
2021-10-12,804633.57273263
2021-10-13,915256.82125063
2021-10-14,955242.5107647
2021-10-15,981074.87427162
2021-10-16,899996.697373
2021-10-17,794364.52872591
2021-10-18,901328.22229394
2021-10-19,903206.36558854
2021-10-20,883775.5780302
2021-10-21,881211.65642512
2021-10-22,901779.12496372
2021-10-23,873596.2156919
2021-10-24,809459.92539894
2021-10-25,910016.47440911
2021-10-26,946607.67175798
2021-10-27,959782.72822507
2021-10-28,961646.49868019
2021-10-29,956505.51946119
2021-10-30,881842.66039197
2021-10-31,794749.466769
2021-11-01,889318.88899996
2021-11-02,850086.75599994
2021-11-03,954882.22299997
2021-11-04,982835.50499995
2021-11-05,998460.4879999
2021-11-06,933083.07399992
2021-11-07,849169.0969999
2021-11-08,984653.3109999
2021-11-09,1003628.3249999001
2021-11-10,997013.84999995
2021-11-11,972665.20699988
2021-11-12,944826.4129999201
2021-11-13,862121.59499988
2021-11-14,792671.09899987
2021-11-15,842653.2339998999
2021-11-16,979001.56499988
2021-11-17,1028941.72699991
2021-11-18,1031037.76899995
2021-11-19,1005205.7249999
2021-11-20,886615.49399992
2021-11-21,803017.67699991
2021-11-22,952169.61399996
2021-11-23,1006615.56599994
2021-11-24,1033992.49499994
2021-11-25,1058531.7529999
2021-11-26,1044728.61199994
2021-11-27,959038.9169999
2021-11-28,880115.0759999
2021-11-29,1048098.39499991
2021-11-30,1053419.09599989
2021-12-01,1034443.81399993
2021-12-02,1028030.11799989
2021-12-03,1014015.27699992
2021-12-04,936368.0629999
2021-12-05,872565.0559999
2021-12-06,1007056.93099993
2021-12-07,984251.91099987
2021-12-08,961196.42499989
2021-12-09,970166.66999993
2021-12-10,993041.18899987
2021-12-11,949469.9769999
2021-12-12,894053.05199989
2021-12-13,1026497.83699993
2021-12-14,1041223.9409999
2021-12-15,1041760.63599993
2021-12-16,1044301.7159999199
2021-12-17,1029553.28399992
2021-12-18,926204.50199992
2021-12-19,829814.51699992
2021-12-20,945348.62299988
2021-12-21,992354.34299992
2021-12-22,1022617.9909999
2021-12-23,972921.1639998499
2021-12-24,857895.38199989
2021-12-25,750643.70499991
2021-12-26,814618.68599989
2021-12-27,953676.0519999
2021-12-28,964837.7679999099
2021-12-29,961995.78699992
2021-12-30,932419.3319999
2021-12-31,845979.64199996
2022-01-01,757051.85499993
2022-01-02,814555.11699991
2022-01-03,968685.8829999099
2022-01-04,1005713.94299995
2022-01-05,1014001.60499998
2022-01-06,1014019.20699993
2022-01-07,983437.2779999
2022-01-08,896029.9689999099
2022-01-09,811097.57599997
2022-01-10,930906.11799991
2022-01-11,964539.25099995
2022-01-12,983062.65299994
2022-01-13,1002781.60499994
2022-01-14,1024479.60199993
2022-01-15,969554.25199994
2022-01-16,890133.02999996
2022-01-17,1032840.81699992
2022-01-18,1074015.15199996
2022-01-19,1072001.88199992
2022-01-20,1066182.40799996
2022-01-21,1084462.5189999
2022-01-22,1010854.8849999
2022-01-23,948052.0829999
2022-01-24,1097300.99999995
2022-01-25,1112868.97999993
2022-01-26,1104552.84099991
2022-01-27,1106756.2889999
2022-01-28,1087583.81499991
2022-01-29,973184.89499989
2022-01-30,869676.46899995
2022-01-31,1001218.56699997
2022-02-01,1024504.0789999199
2022-02-02,1030105.61799992
2022-02-03,1032334.71899992
2022-02-04,1053630.6459999399
2022-02-05,999703.63999989
2022-02-06,913828.49399991
2022-02-07,1033264.35799994
2022-02-08,1018680.8349999
2022-02-09,1004438.13899987
2022-02-10,1005357.74699994
2022-02-11,1017370.72399993
2022-02-12,951199.95099991
2022-02-13,881362.8039999399
2022-02-14,1058332.66599997
2022-02-15,1082830.24199992
2022-02-16,1071786.54899991
2022-02-17,1052724.60899993
2022-02-18,1041260.14499989
2022-02-19,953360.91199988
2022-02-20,882248.01599994
2022-02-21,1048570.74199992
2022-02-22,1086375.71799994
2022-02-23,1100880.05099994
2022-02-24,1096005.33799993
2022-02-25,1104090.44599992
2022-02-26,1012335.72199988
2022-02-27,935041.11499988
2022-02-28,1036680.72099989
2022-03-01,1039471.68499992
2022-03-02,1100852.27299989
2022-03-03,1126496.08699994
2022-03-04,1115793.81499991
2022-03-05,1025495.46799993
2022-03-06,952555.77699991
2022-03-07,1114885.4709999
2022-03-08,1143265.31899995
2022-03-09,1140435.93599985
2022-03-10,1139871.60299989
2022-03-11,1136053.9129999
2022-03-12,1032535.86399993
2022-03-13,937408.64099996
2022-03-14,1080684.73899994
2022-03-15,1092234.66899993
2022-03-16,1097113.56599991
2022-03-17,1116885.69599994
2022-03-18,1138672.34299992
2022-03-19,1036991.79499993
2022-03-20,912443.63899989
2022-03-21,1005842.54999992
2022-03-22,1015259.71699986
2022-03-23,1049026.69199991
2022-03-24,1080535.04099993
2022-03-25,1105151.35499993
2022-03-26,1023505.16199992
2022-03-27,933243.9249999
2022-03-28,1070342.82599995
2022-03-29,1084269.61499988
2022-03-30,1107339.01599993
2022-03-31,1081342.26999994
2022-04-01,1017118.95099996
2022-04-02,933718.88999986
2022-04-03,870775.6819999
2022-04-04,1050226.82899988
2022-04-05,1073553.71899992
2022-04-06,1065713.93599991
2022-04-07,1055035.30399991
2022-04-08,1064758.88799993
2022-04-09,998604.70799993
2022-04-10,907337.47299991
2022-04-11,1044726.63399992
2022-04-12,1065922.17799996
2022-04-13,1069737.36499996
2022-04-14,1030325.92199991
2022-04-15,842669.56799992
2022-04-16,831321.27899994
2022-04-17,783946.64599992
2022-04-18,929685.13399992
2022-04-19,967375.63299994
2022-04-20,983330.2139999
2022-04-21,930811.6929999699
2022-04-22,966214.8609999
2022-04-23,930688.39999985
2022-04-24,866202.2709999
2022-04-25,1011828.94299995
2022-04-26,1049047.16699993
2022-04-27,1057995.21699991
2022-04-28,1059986.45699992
2022-04-29,1051202.33099992
2022-04-30,947673.73299994
2022-05-01,846823.6049999
2022-05-02,1004834.36399994
2022-05-03,1039131.69499996
2022-05-04,1021973.11999992
2022-05-05,976996.5279999101
2022-05-06,969384.53399989
2022-05-07,891408.42299995
2022-05-08,805486.83799998
2022-05-09,940307.70399992
2022-05-10,961506.6659999
2022-05-11,978157.35399993
2022-05-12,969690.78099994
2022-05-13,965525.98899996
2022-05-14,901666.36899992
2022-05-15,850104.12099992
2022-05-16,959744.36799992
2022-05-17,933228.17199992
2022-05-18,888262.0259999
2022-05-19,874172.1519999
2022-05-20,877550.56099992
2022-05-21,831568.92599991
2022-05-22,766068.28399993
2022-05-23,891105.91499987
2022-05-24,923628.93899989
2022-05-25,930908.81999991
2022-05-26,942983.91399987
2022-05-27,944405.60699988
2022-05-28,881792.5149999501
2022-05-29,809503.45399986
2022-05-30,938265.04899989
2022-05-31,970307.00399987
2022-06-01,963917.43099992
2022-06-02,973124.32299988
2022-06-03,957779.39299986
2022-06-04,873326.19899987
2022-06-05,790599.47899994
2022-06-06,916978.36799991
2022-06-07,948251.71499989
2022-06-08,962794.53799989
2022-06-09,965003.80099989
2022-06-10,957439.47999992
2022-06-11,877359.53899985
2022-06-12,781595.8619999
2022-06-13,877894.01899988
2022-06-14,906321.8069999
2022-06-15,909650.64299987
2022-06-16,852243.11499987
2022-06-17,883719.97599987
2022-06-18,856545.81699989
2022-06-19,788936.99599985
2022-06-20,905665.61099984
2022-06-21,932098.27299989
2022-06-22,935655.79899984
2022-06-23,939361.69599986
2022-06-24,933693.06999989
2022-06-25,865349.5689999
2022-06-26,779886.43899986
2022-06-27,887736.05599991
2022-06-28,910813.58799985
2022-06-29,913845.84799988
2022-06-30,920492.9799999
2022-07-01,920701.10899993
2022-07-02,867056.06499992
2022-07-03,791917.98799992
2022-07-04,910558.37099988
2022-07-05,927218.8079998901
2022-07-06,931589.1839999
2022-07-07,942834.02399991
2022-07-08,942919.89299988
2022-07-09,858510.38199988
2022-07-10,793394.65599991
2022-07-11,917500.49099988
2022-07-12,955100.0259999
2022-07-13,954144.76699989
2022-07-14,954644.30299986
2022-07-15,953461.81999986
2022-07-16,891090.38199985
2022-07-17,811335.08299988
2022-07-18,928607.66599987
2022-07-19,956346.05499988
2022-07-20,955591.19699989
2022-07-21,955772.39099987
2022-07-22,952625.57599988
2022-07-23,881242.23599986
2022-07-24,798634.97699986
2022-07-25,924134.7889999
2022-07-26,953705.48699992
2022-07-27,960090.38799988
2022-07-28,957423.62899988
2022-07-29,951433.57299989
2022-07-30,863514.24499987
2022-07-31,791694.44699987
2022-08-01,926702.97999986
2022-08-02,962451.02599983
2022-08-03,970932.37499989
2022-08-04,976321.16599982
2022-08-05,978672.74999985
2022-08-06,895612.05499988
2022-08-07,819370.9429999
2022-08-08,950084.1069998799
2022-08-09,976257.34899985
2022-08-10,951743.04999988
2022-08-11,916188.58199989
2022-08-12,908072.77699988
2022-08-13,853451.27699986
2022-08-14,774639.04799986
2022-08-15,906236.60299988
2022-08-16,963359.11799987
2022-08-17,970673.48999987
2022-08-18,973521.41599989
2022-08-19,930670.07299992
2022-08-20,842049.75899987
2022-08-21,763504.1749999
2022-08-22,884342.36599993
2022-08-23,918765.28499989
2022-08-24,930542.52999992
2022-08-25,944534.11399989
2022-08-26,956421.74099988
2022-08-27,898328.78899992
2022-08-28,826292.47499991
2022-08-29,912156.18699988
2022-08-30,911980.25699986
2022-08-31,908978.51499988
2022-09-01,918515.36899987
2022-09-02,939299.45899985
2022-09-03,880417.87799987
2022-09-04,795589.83899991
2022-09-05,916337.53099986
2022-09-06,949646.39399985
2022-09-07,886159.58999987
2022-09-08,960755.36299987
2022-09-09,989377.62199987
2022-09-10,923605.03799996
2022-09-11,823422.89899994
2022-09-12,953431.8849999
2022-09-13,990829.4879999
2022-09-14,1000680.86099991
2022-09-15,973742.23499992
2022-09-16,946813.9799999
2022-09-17,855288.08199996
2022-09-18,774568.0809999
2022-09-19,915173.71699991
2022-09-20,971200.7869999
2022-09-21,989169.61599985
2022-09-22,999379.13099984
2022-09-23,947505.76299987
2022-09-24,847296.63999987
2022-09-25,773648.88399988
2022-09-26,936692.5929999
2022-09-27,984107.10699991
2022-09-28,986086.75299991
2022-09-29,957309.65999987
2022-09-30,934054.04999987
2022-10-01,866439.8839998799
2022-10-02,793297.29699988
2022-10-03,930373.35899989
2022-10-04,953353.39199988
2022-10-05,950021.06499988
2022-10-06,984009.02899986
2022-10-07,985134.44099989
2022-10-08,896126.03499989
2022-10-09,820871.54199989
2022-10-10,943654.82799985
2022-10-11,986468.96999988
2022-10-12,883989.7729999
2022-10-13,986820.48599988
2022-10-14,998243.97299993
2022-10-15,919139.73999985
2022-10-16,838698.4719999
2022-10-17,983118.0559999
2022-10-18,1018595.83999992
2022-10-19,1019140.38899989
2022-10-20,1025106.43899985
2022-10-21,1027607.37599994
2022-10-22,935150.06499989
2022-10-23,833785.14899992
2022-10-24,963013.41099986
2022-10-25,981529.0629999
2022-10-26,1001312.00899988
2022-10-27,1042511.55099989
2022-10-28,1037781.05099985
2022-10-29,957187.82399988
2022-10-30,889847.72899989
2022-10-31,1028078.86399992
2022-11-01,966330.85199992
2022-11-02,823425.12799988
2022-11-03,871449.52899989
2022-11-04,882992.8719998801
2022-11-05,828621.24499991
2022-11-06,773801.0109999101
2022-11-07,912831.21599993
2022-11-08,942361.21999986
2022-11-09,960449.84099988
2022-11-10,986174.17299992
2022-11-11,994536.1439999
2022-11-12,905849.48999985
2022-11-13,840440.22199984
2022-11-14,964200.74799989
2022-11-15,920809.8319999
2022-11-16,979709.45199989
2022-11-17,971414.66899987
2022-11-18,982231.5339999
2022-11-19,913146.20599984
2022-11-20,845754.6549999
2022-11-21,1009874.9429998801
2022-11-22,1035670.16799985
2022-11-23,1037439.46699987
2022-11-24,982742.26799988
2022-11-25,970665.34199991
2022-11-26,905264.33299984
2022-11-27,843091.99099988
2022-11-28,952576.6379999
2022-11-29,996144.2929999
2022-11-30,994158.05899986
2022-12-01,1003977.0489999
2022-12-02,993910.15899991
2022-12-03,944948.43399988
2022-12-04,859082.6239998899
2022-12-05,967045.85799991
2022-12-06,1001376.07399988
2022-12-07,1010546.43599992
2022-12-08,1001050.24999987
2022-12-09,992722.24099986
2022-12-10,954790.50599985
2022-12-11,895428.59499986
2022-12-12,1052721.74499984
2022-12-13,1031200.64699989
2022-12-14,974498.56999987
2022-12-15,974976.27899987
2022-12-16,984914.12399992
2022-12-17,900871.43999989
2022-12-18,826610.4899999
2022-12-19,925452.25499989
2022-12-20,923207.11099988
2022-12-21,903046.49599986
2022-12-22,893402.79999989
2022-12-23,880472.46899986
2022-12-24,817894.77099989
2022-12-25,744382.6889998501
2022-12-26,887209.76299987
2022-12-27,919446.64799987
2022-12-28,928383.76299988
2022-12-29,918428.48399989
2022-12-30,887817.23099986
2022-12-31,817799.48199988
2023-01-01,751250.1869999
2023-01-02,900726.95099989
2023-01-03,958984.81799993
2023-01-04,975806.04499989
2023-01-05,938021.00099984
2023-01-06,911713.9369999
2023-01-07,831930.12499993
2023-01-08,784584.74299992
2023-01-09,907202.28899986
2023-01-10,947265.03299985
2023-01-11,977494.41599983
2023-01-12,997886.27299983
2023-01-13,1010585.9579998599
2023-01-14,939355.00599985
2023-01-15,879631.51099987
2023-01-16,1037439.89899991
2023-01-17,1056194.7619999
2023-01-18,1049275.65499989
2023-01-19,1041240.90099988
2023-01-20,1013822.45199985
2023-01-21,927410.15299993
2023-01-22,854626.65899992
2023-01-23,1018096.31599993
2023-01-24,1031640.84099993
2023-01-25,1029447.37499992
2023-01-26,1034138.85799987
2023-01-27,1042251.15199987
2023-01-28,957733.14799987
2023-01-29,868021.07599987
2023-01-30,1012315.04999989
2023-01-31,1042651.8489999201
2023-02-01,1053526.05099991
2023-02-02,1067944.9559999
2023-02-03,1063690.75499994
2023-02-04,979416.3229998699
2023-02-05,908692.73799989
2023-02-06,1053471.74799989
2023-02-07,1058251.78799986
2023-02-08,1053672.11099995
2023-02-09,1065470.9929998901
2023-02-10,1071332.34799989
2023-02-11,973398.06399985
2023-02-12,891084.55299991
2023-02-13,1044923.23699991
2023-02-14,1082902.29399992
2023-02-15,1101105.69899993
2023-02-16,1095843.04099992
2023-02-17,1095761.44599994
2023-02-18,966522.57699989
2023-02-19,852573.15899989
2023-02-20,927255.75099988
2023-02-21,936167.5929999
2023-02-22,1005760.80899988
2023-02-23,1051881.22899984
2023-02-24,1052149.27899987
2023-02-25,981509.55499987
2023-02-26,926284.29499988
2023-02-27,1086261.04699985
2023-02-28,1083954.32999987
2023-03-01,1065446.60799991
2023-03-02,1080921.61199993
2023-03-03,1099484.94999989
2023-03-04,1013317.92799991
2023-03-05,924154.72499991
2023-03-06,1064437.4109999
2023-03-07,1083794.90299993
2023-03-08,1082212.15199986
2023-03-09,1090946.41299988
2023-03-10,1084354.20799989
2023-03-11,979569.12099986
2023-03-12,883062.7389999001
2023-03-13,1030828.46799987
2023-03-14,1043647.84399985
2023-03-15,1043358.42499985
2023-03-16,1037261.40899984
2023-03-17,1030504.54199989
2023-03-18,956892.36899988
2023-03-19,884354.57499989
2023-03-20,1050019.88599986
2023-03-21,1069434.36499995
2023-03-22,1069462.80599989
2023-03-23,1069247.91499988
2023-03-24,1087014.4169999
2023-03-25,998599.10899987
2023-03-26,929032.3419999
2023-03-27,1069361.40999988
2023-03-28,1066855.96999984
2023-03-29,1081460.68999988
2023-03-30,1084718.20699991
2023-03-31,1075796.9699999
2023-04-01,984953.74799987
2023-04-02,874300.3739999
2023-04-03,1000145.33199986
2023-04-04,1034535.11399989
2023-04-05,1039441.85799989
2023-04-06,1030693.8759999101
2023-04-07,889337.33699987
2023-04-08,887998.07899987
2023-04-09,825994.24799993
2023-04-10,953925.73999983
2023-04-11,975014.96899986
2023-04-12,1005409.51499987
2023-04-13,1019999.15899989
2023-04-14,1031052.24699991
2023-04-15,934393.88199988
2023-04-16,840285.77799991
2023-04-17,993234.92999994
2023-04-18,1038528.56699986
2023-04-19,1020330.22299988
2023-04-20,964190.3769999
2023-04-21,833302.30299992
2023-04-22,837366.4639999201
2023-04-23,786448.20899991
2023-04-24,920620.41599994
2023-04-25,956052.23299993
2023-04-26,989345.38099991
2023-04-27,1014160.79699987
2023-04-28,994533.47599988
2023-04-29,915358.12799987
2023-04-30,830031.04999992
2023-05-01,836041.33899991
2023-05-02,976228.36199992
2023-05-03,1004373.85399993
2023-05-04,1017361.8919999
2023-05-05,1033084.95799983
2023-05-06,947505.40499985
2023-05-07,859924.31199987
2023-05-08,1004545.8289999301
2023-05-09,1029486.70099994
2023-05-10,1017835.6499999
2023-05-11,1002115.44699986
2023-05-12,995348.29099987
2023-05-13,900683.0449999
2023-05-14,807852.7019999
2023-05-15,948813.24999989
2023-05-16,970011.46099991
2023-05-17,969945.06699987
2023-05-18,968980.52899987
2023-05-19,964896.75399991
2023-05-20,895314.11899985
2023-05-21,815509.65699994
2023-05-22,951226.21999983
2023-05-23,976685.4379999
2023-05-24,985172.20499988
2023-05-25,996205.33499988
2023-05-26,995988.39099993
2023-05-27,934332.94299989
2023-05-28,854323.3889998801
2023-05-29,973305.81799986
2023-05-30,988740.87899988
2023-05-31,1002450.94499994
2023-06-01,995856.02499991
2023-06-02,978385.98099992
2023-06-03,898205.8789999001
2023-06-04,811418.42499987
2023-06-05,939533.67799987
2023-06-06,955831.38699987
2023-06-07,957516.96199986
2023-06-08,886325.42699991
2023-06-09,910028.31999987
2023-06-10,877638.01699985
2023-06-11,828318.9849999
2023-06-12,967241.90799987
2023-06-13,975269.32099989
2023-06-14,974493.30299992
2023-06-15,998614.8839998799
2023-06-16,998690.8939999
2023-06-17,906348.25199992
2023-06-18,802659.39399985
2023-06-19,917464.7529999
2023-06-20,942377.07199988
2023-06-21,946593.32399981
2023-06-22,944559.12399988
2023-06-23,946947.86999993
2023-06-24,875965.4509999
2023-06-25,807891.03499984
2023-06-26,929466.0579999
2023-06-27,959292.34299989
2023-06-28,967374.90499991
2023-06-29,955928.96099987
2023-06-30,949446.64599987
2023-07-01,871789.8649998601
2023-07-02,792860.11599987
2023-07-03,904624.88099987
2023-07-04,924643.11999988
2023-07-05,930155.44899985
2023-07-06,927553.02299991
2023-07-07,938751.07899984
2023-07-08,882520.19599989
2023-07-09,819964.05499988
2023-07-10,942236.73399984
2023-07-11,982225.56099989
2023-07-12,997196.64599993
2023-07-13,991942.21299989
2023-07-14,953763.0169998601
2023-07-15,860711.3219999099
2023-07-16,803407.81799984
2023-07-17,948812.9429999
2023-07-18,978097.91399987
2023-07-19,971322.86999988
2023-07-20,954107.98599984
2023-07-21,952335.05699989
2023-07-22,880470.89099988
2023-07-23,808846.37299985
2023-07-24,944604.89599991
2023-07-25,974739.02899986
2023-07-26,980724.1419999
2023-07-27,987405.43699986
2023-07-28,983203.61599988
2023-07-29,899095.07999982
2023-07-30,808428.2409999201
2023-07-31,944035.64699992
2023-08-01,976707.42299989
2023-08-02,983796.08199987
2023-08-03,993728.49399986
2023-08-04,995535.07299988
2023-08-05,916993.23799982
2023-08-06,848315.36899986
2023-08-07,998025.29799987
2023-08-08,1016282.03099983
2023-08-09,1013843.39299994
2023-08-10,1022479.60099987
2023-08-11,1032330.73499992
2023-08-12,956481.2889999
2023-08-13,849814.6139999001
2023-08-14,967022.99199991
2023-08-15,983570.60099988
2023-08-16,1003360.34099988
2023-08-17,1006945.33099988
2023-08-18,1024755.79699988
2023-08-19,951442.80799987
2023-08-20,857626.00899989
2023-08-21,988411.49199988
2023-08-22,1025532.86699989
2023-08-23,1070722.40699987
2023-08-24,1106314.58699989
2023-08-25,1080773.95899989
2023-08-26,957154.57499992
2023-08-27,834256.56999991
2023-08-28,930908.20999985
2023-08-29,964218.41699995
2023-08-30,977845.91599984
2023-08-31,980886.91899984
2023-09-01,984522.67399992
2023-09-02,945183.42699991
2023-09-03,897546.8529999
2023-09-04,1075980.96199989
2023-09-05,1087895.56599987
2023-09-06,1023523.13099987
2023-09-07,921235.35199987
2023-09-08,972727.12199987
2023-09-09,936619.00699986
2023-09-10,871153.6939999
2023-09-11,1025487.0759999
2023-09-12,1070346.41599994
2023-09-13,1106453.55099991
2023-09-14,1072739.68599988
2023-09-15,1002251.6239998899
2023-09-16,939069.42899991
2023-09-17,909691.41799993
2023-09-18,1080945.9719999
2023-09-19,1112519.99499988
2023-09-20,1114461.68799994
2023-09-21,1123236.22299986
2023-09-22,1138860.65399988
2023-09-23,1064951.7269999
2023-09-24,1008991.01999989
2023-09-25,1183818.05199992
2023-09-26,1221100.43799988
2023-09-27,1224676.31799986
2023-09-28,1099063.5499998599
2023-09-29,1056872.79099987
2023-09-30,987222.9739999201
2023-10-01,914346.78899991
2023-10-02,1038783.56999988
2023-10-03,1060875.14699988
2023-10-04,1098370.05799991
2023-10-05,1122436.67999987
2023-10-06,1140953.5129999
2023-10-07,1065823.92799989
2023-10-08,962631.57499986
2023-10-09,1090673.87399987
2023-10-10,1087777.71699986
2023-10-11,1106852.79499991
2023-10-12,1022032.16199991
2023-10-13,1040625.50599994
2023-10-14,942370.48599988
2023-10-15,887812.85099983
2023-10-16,1082686.42499991
2023-10-17,1127047.30199985
2023-10-18,1127570.43799989
2023-10-19,1095760.28799989
2023-10-20,1069920.08899989
2023-10-21,980836.27299985
2023-10-22,908998.85599988
2023-10-23,1090668.23599994
2023-10-24,1153460.41599989
2023-10-25,1131844.95399989
2023-10-26,1105645.87499987
2023-10-27,1082285.7709999
2023-10-28,1018133.21499988
2023-10-29,969970.93999986
2023-10-30,1132028.55799987
2023-10-31,1146636.94999986
2023-11-01,1091288.33099986
2023-11-02,978739.43599988
2023-11-03,1029937.0699999
2023-11-04,938920.5829998599
2023-11-05,868323.11599987
2023-11-06,1020375.7139999201
2023-11-07,1071370.42499987
2023-11-08,1111367.25899989
2023-11-09,1164514.97199991
2023-11-10,1188309.0239999
2023-11-11,1128586.96299988
2023-11-12,1078123.9669999
2023-11-13,1263863.72599991
2023-11-14,1286082.6649999
2023-11-15,1181806.4649999
2023-11-16,1271118.02099988
2023-11-17,1289222.81199992
2023-11-18,1188382.21299992
2023-11-19,1049954.01399989
2023-11-20,1034995.70299989
2023-11-21,1135970.03999986
2023-11-22,1197014.65299991
2023-11-23,1201979.9069999
2023-11-24,1123004.82399987
2023-11-25,997117.56799986
2023-11-26,908042.22599987
2023-11-27,1079401.76299989
2023-11-28,1136294.88399992
2023-11-29,1155400.07299996
2023-11-30,1176491.38399985
2023-12-01,1179935.27899991
2023-12-02,1094977.0059999
2023-12-03,1026292.5489999
2023-12-04,1174560.29299992
2023-12-05,1161706.8729999
2023-12-06,1189841.91999989
2023-12-07,1229165.7919163401
2023-12-08,1196513.75699982
2023-12-09,1054428.87599989
2023-12-10,949563.03999992
2023-12-11,1101128.09199987
2023-12-12,1116368.70599991
2023-12-13,1133262.45399995
2023-12-14,1202530.84899991
2023-12-15,1227080.93299987
2023-12-16,1163546.22099989
2023-12-17,1086474.45399984
2023-12-18,1226571.8089999
2023-12-19,1209945.3359999
2023-12-20,1173309.35599994
2023-12-21,1157937.33099994
2023-12-22,1137281.43199992
2023-12-23,1041274.76299993
2023-12-24,955512.12899991
2023-12-25,922327.81599984
2023-12-26,1067180.60099991
2023-12-27,1055131.47399989
2023-12-28,1075946.0179999
2023-12-29,1116280.02399994
2023-12-30,1031433.69599989
2023-12-31,912257.55299988
